joint_name,target_position,final_position,steady_state_error,peak_torque,saturation_fraction
left_roll_joint,0.1,-0.006269200963043754,0.10626920096304376,1.1871779017816722,0.0
left_hip_pitch_joint,0.1,-0.038967605059032864,0.13896760505903288,1.5686417537599953,0.0
left_knee_joint,0.1,-0.010142731896253514,0.11014273189625352,0.44078602176730763,0.0
left_wheel_joint,0.25,0.6985937522699407,-0.4485937522699407,0.05858814234392238,0.0
right_roll_joint,0.1,0.034379086751436236,0.06562091324856377,1.0988068612736173,0.0
right_hip_pitch_joint,0.1,0.1716200503151839,-0.0716200503151839,1.123333715293148,0.0
right_knee_joint,0.1,0.013739457148619995,0.08626054285138002,0.32844009412307734,0.0
right_wheel_joint,0.25,-0.492835436124901,0.742835436124901,0.09500148517039411,0.0
